player_name,pos
Eli Manning,QB
Larry Fitzgerald,WR
Philip Rivers,QB
Kellen Winslow,TE
Roy Williams,WR
Reggie Williams,WR
Ben Roethlisberger,QB
Lee Evans,WR
Michael Clayton,WR
J.P. Losman,QB
Steven Jackson,RB
Chris Perry,RB
Michael Jenkins,WR
Kevin Jones,RB
Rashaun Woods,WR
Ben Watson,TE
Ben Troupe,TE
Tatum Bell,RB
Julius Jones,RB
Devery Henderson,WR
Darius Watts,WR
Greg Jones,RB
Kris Wilson,TE
Keary Colbert,WR
Ben Hartsock,TE
Derrick Hamilton,WR
Bernard Berrian,WR
Chris Cooley,TE
Devard Darling,WR
Matt Schaub,QB
Carlos Francis,WR
Samie Parker,WR
Luke McCown,QB
Jerricho Cotchery,WR
Tim Euhus,TE
Mewelde Moore,RB
Ernest Wilford,WR
Cedric Cobbs,RB
Johnnie Morant,WR
Sean Ryan,TE
Craig Krenzel,QB
Maurice Mann,WR
Mark Wilson,TE
Michael Turner,RB
Mike Karney,RB
D.J. Hackett,WR
Thomas Tapeh,RB
Drew Carter,WR
P.K. Sam,WR
Jamaar Taylor,WR
Ryan Krause,TE
Triandos Luke,WR
Nate Lawrie,TE
Andy Hall,QB
Josh Harris,QB
Troy Fleming,RB
Jim Sorgi,QB
Matt Kranchick,TE
Jeris McIntyre,WR
Clarence Moore,WR
Jeff Smoker,QB
John Navarre,QB
Mark Jones,WR
Adimchinobe Echemandu,RB
Sloan Thomas,WR
Jonathan Smith,WR
Patrick Crayton,WR
Cody Pickett,QB
Casey Bramlet,QB
Quincy Wilson,RB
Jeff Dugan,TE
Matt Mauck,QB
Casey Cramer,RB
Michael Gaines,TE
Derrick Ward,RB
Erik Jensen,TE
Sean McHugh,RB
Bruce Perry,RB
Derek Abney,WR
Courtney Anderson,TE
Brandon Miree,RB
B.J. Symons,QB
Bradlee Van Pelt,QB
Alex Smith,QB
Ronnie Brown,RB
Braylon Edwards,WR
Cedric Benson,RB
Cadillac Williams,RB
Troy Williamson,WR
Matt Jones,WR
Mark Clayton,WR
Aaron Rodgers,QB
Jason Campbell,QB
Roddy White,WR
Heath Miller,TE
Reggie Brown,WR
Mark Bradley,WR
J.J. Arrington,RB
Eric Shelton,RB
Roscoe Parrish,WR
Terrence Murphy,WR
Vincent Jackson,WR
Frank Gore,RB
Charlie Frye,QB
Courtney Roby,WR
Andrew Walter,QB
Alex Smith,TE
Vernand Morency,RB
Ryan Moats,RB
Chris Henry,WR
David Greene,QB
Kevin Everett,TE
Brandon Jones,WR
Maurice Clarett,RB
Kyle Orton,QB
Marion Barber III,RB
Brandon Jacobs,RB
Ciatrick Fason,RB
Jerome Mathis,WR
Craphonso Thorpe,WR
Chase Lyman,WR
Manuel White,RB
Stefan Lefors,QB
Alvin Pearman,RB
Darren Sproles,RB
Fred Gibson,WR
Roydell Williams,WR
Airese Currie,WR
Damien Nash,RB
Jerome Collins,TE
Dan Orlovsky,QB
Adrian McPherson,QB
Larry Brackins,WR
Justin Green,RB
Rasheed Marshall,WR
Bo Scaife,TE
Cedric Houston,RB
Chad Owens,WR
Tab Perry,WR
Dante Ridgeway,WR
Craig Bragg,WR
Tony Jackson,TE
Joel Dreessen,TE
DeAndra Cobb,RB
Derek Anderson,QB
Rick Razzano,RB
Nehemiah Broughton,RB
Marcus Maxwell,WR
Paris Warren,WR
LeRon McCoy,WR
James Kilian,QB
Matt Cassel,QB
Lionel Gates,RB
Harry Williams,WR
Anthony Davis,RB
Noah Herron,RB
Patrick Estes,TE
Billy Bajema,TE
Ryan Fitzpatrick,QB
Madison Hedgecock,RB
J.R. Russell,WR
Andy Stokes,TE
Reggie Bush,RB
Vince Young,QB
Vernon Davis,TE
Matt Leinart,QB
Jay Cutler,QB
Laurence Maroney,RB
Santonio Holmes,WR
DeAngelo Williams,RB
Marcedes Lewis,TE
Joseph Addai,RB
Chad Jackson,WR
Sinorice Moss,WR
LenDale White,RB
Joe Klopfenstein,TE
Kellen Clemens,QB
Greg Jennings,WR
Anthony Fasano,TE
Maurice Jones-Drew,RB
Tony Scheffler,TE
Tarvaris Jackson,QB
Leonard Pope,TE
Brian Calhoun,RB
Travis Wilson,WR
Jerious Norwood,RB
Charlie Whitehurst,QB
Derek Hagan,WR
Brandon Williams,WR
Brodie Croyle,QB
David Thomas,TE
Maurice Stovall,WR
Dominique Byrd,TE
Willie Reid,WR
Owen Daniels,TE
Michael Robinson,WR
Brad Smith,QB
Cory Rodgers,WR
Garrett Mills,RB
Jason Avant,WR
Demetrius Williams,WR
Leon Washington,RB
Brandon Marshall,WR
Skyler Green,WR
Domenik Hixon,WR
P.J. Daniels,RB
Marques Hagans,WR
Jerome Harrison,RB
Ingle Martin,QB
Jason Pociask,TE
Jeff King,TE
David Kirtman,RB
Omar Jacobs,QB
Quinn Sypniewski,TE
Charles Davis,TE
Wali Lundy,RB
Mike Hass,WR
Jonathan Orr,WR
Delanie Walker,WR
Lawrence Vickers,RB
Adam Jennings,WR
Jeff Webb,WR
Reggie McNeal,QB
Bruce Gradkowski,QB
J.D. Runnels,RB
T.J. Williams,TE
Ethan Kilmer,WR
Todd Watkins,WR
Justin Hamilton,RB
D.J. Shockley,QB
Bennie Brazell,WR
Devin Aromashodu,WR
Cedric Humes,RB
Tim Massaquoi,TE
Quinton Ganther,RB
Ben Obomanu,WR
David Anderson,WR
Marques Colston,WR
Kevin McMahan,WR
JaMarcus Russell,QB
Calvin Johnson HOF,WR
Adrian Peterson,RB
Ted Ginn Jr.,WR
Marshawn Lynch,RB
Brady Quinn,QB
Dwayne Bowe,WR
Robert Meachem,WR
Craig Davis,WR
Greg Olsen,TE
Anthony Gonzalez,WR
Kevin Kolb,QB
Zach Miller,TE
John Beck,QB
Drew Stanton,QB
Sidney Rice,WR
Dwayne Jarrett,WR
Kenny Irons,RB
Chris Henry,RB
Steve Smith,WR
Brian Leonard,RB
Brandon Jackson,RB
Lorenzo Booker,RB
Jacoby Jones,WR
Yamon Figurs,WR
Laurent Robinson,WR
Jason Hill,WR
Matt Spaeth,TE
James Jones,WR
Mike Sims-Walker,WR
Paul Williams,WR
Tony Hunt,RB
Trent Edwards,QB
Garrett Wolfe,RB
Johnnie Lee Higgins,WR
Michael Bush,RB
Isaiah Stanback,QB
Antonio Pittman,RB
Dwayne Wright,RB
Ryne Robinson,WR
Chris Davis,WR
Scott Chandler,TE
Martrez Milner,TE
Le'Ron McClain,RB
Steve Breaston,WR
Aundrae Allison,WR
Kolby Smith,RB
Jeff Rowe,QB
Kevin Boss,TE
Dante Rosario,TE
David Clowney,WR
Brent Celek,TE
Roy Hall,WR
Legedu Naanee,WR
Troy Smith,QB
Oren O'Neal,RB
Reagan Maui'a,RB
Thomas Clayton,RB
Joel Filani,WR
Deon Anderson,RB
Courtney Taylor,WR
Jordan Palmer,QB
Justise Hairston,RB
Jordan Kent,WR
Ben Patrick,TE
Tyler Ecker,TE
Tyler Thigpen,QB
Derek Schouman,TE
Dallas Baker,WR
DeShawn Wynn,RB
John Broussard,WR
Michael Allan,TE
Chandler Williams,WR
Syndric Steptoe,WR
Chansi Stuckey,WR
Nate Ilaoa,RB
Clark Harris,TE
Jason Snelling,RB
Kenneth Darby,RB
Derek Stanley,WR
Ahmad Bradshaw,RB
Jonathan Holland,WR
Matt Ryan,QB
Darren McFadden,RB
Jonathan Stewart,RB
Joe Flacco,QB
Felix Jones,RB
Rashard Mendenhall,RB
Chris Johnson,RB
Dustin Keller,TE
Donnie Avery,WR
Devin Thomas,WR
Jordy Nelson,WR
John Carlson,TE
James Hardy,WR
Eddie Royal,WR
Matt Forte,RB
Jerome Simpson,WR
Fred Davis,TE
DeSean Jackson,WR
Malcolm Kelly,WR
Limas Sweed,WR
Ray Rice,RB
Brian Brohm,QB
Chad Henne,QB
Dexter Jackson,WR
Martellus Bennett,TE
Kevin Smith,RB
Jacob Hester,RB
Earl Bennett,WR
Jamaal Charles,RB
Brad Cottam,TE
Early Doucet,WR
Harry Douglas,WR
Craig Stevens,TE
Steve Slaton,RB
Jermichael Finley,TE
Kevin O'Connell,QB
Mario Manningham,WR
Andre Caldwell,WR
Will Franklin,WR
Marcus Smith,WR
Martin Rucker,TE
Tashard Choice,RB
Arman Shields,WR
Lavelle Hawkins,WR
Jacob Tamme,TE
Keenan Burton,WR
Derek Fine,TE
Kenny Moore,WR
John David Booty,QB
Ryan Torain,RB
Gary Barnidge,TE
Jerome Felton,RB
Tim Hightower,RB
Matthew Slater,WR
Dennis Dixon,QB
Kellen Davis,TE
Josh Johnson,QB
Erik Ainge,QB
Owen Schmitt,RB
Marcus Thomas,RB
Marcus Henry,WR
Thomas Brown,RB
Josh Morgan,WR
Jalen Parmele,RB
Xavier Omon,RB
Kevin Robinson,WR
Colt Brennan,QB
Paul Hubbard,WR
Jaymar Johnson,WR
Tom Santi,TE
Andre Woodson,QB
Mike Hart,RB
Lex Hilliard,RB
Pierre Garcon,WR
Matt Sherry,TE
Matt Flynn,QB
Chauncey Washington,RB
Justin Harper,WR
Brett Swain,WR
Alex Brink,QB
Stevie Johnson,WR
Chaz Schilens,WR
Peyton Hillis,RB
Keith Zinger,TE
Justin Forsett,RB
Adrian Arrington,WR
Cory Boyd,RB
Mike Merritt,TE
Allen Patrick,RB
Mario Urrutia,WR
Marcus Monk,WR
Matthew Stafford,QB
Mark Sanchez,QB
Darrius Heyward-Bey,WR
Michael Crabtree,WR
Knowshon Moreno,RB
Josh Freeman,QB
Jeremy Maclin,WR
Brandon Pettigrew,TE
Percy Harvin,WR
Donald Brown,RB
Hakeem Nicks,WR
Kenny Britt,WR
Beanie Wells,RB
Brian Robiskie,WR
Pat White,QB
Mohamed Massaquoi,WR
LeSean McCoy,RB
Richard Quinn,TE
Shonn Greene,RB
Glen Coffee,RB
Derrick Williams,WR
Brandon Tate,WR
Mike Wallace,WR
Ramses Barden,WR
Patrick Turner,WR
Jared Cook,TE
Deon Butler,WR
Chase Coffman,TE
Juaquin Iglesias,WR
Travis Beckum,TE
Stephen McGee,QB
Brian Hartline,WR
Mike Goodson,RB
Shawn Nelson,TE
Anthony Hill,TE
Louis Murphy,WR
Austin Collie,WR
Tony Fiammetta,RB
Andre Brown,RB
Gartrell Johnson,RB
Johnny Knox,WR
Kenny McKinley,WR
Jarett Dillard,WR
Quinn Johnson,RB
Davon Drew,TE
Rhett Bomar,QB
James Casey,TE
Cornelius Ingram,TE
Brooks Foster,WR
John Nalbone,TE
Frank Summers,RB
Nate Davis,QB
Javon Ringer,RB
Tom Brandstater,QB
Quinten Lawrence,WR
Mike Teel,QB
Zach Miller,TE
Bear Pascoe,TE
Cedric Peerman,RB
Aaron Brown,RB
Brandon Gibson,WR
James Davis,RB
Keith Null,QB
Curtis Painter,QB
Brandon Myers,TE
Dominique Edison,WR
John Phillips,TE
Bernard Scott,RB
Chris Ogbonnaya,RB
Javarris Williams,RB
Fui Vakapuna,RB
Eddie Williams,RB
Demetrius Byrd,WR
Manuel Johnson,WR
Julian Edelman,WR
Sammie Stroughter,WR
Jake O'Connell,TE
LaRod Stephens-Howling,RB
David Johnson,TE
Marko Mitchell,WR
Cameron Morrah,TE
Rashad Jennings,RB
Derek Kinder,WR
Freddie Brown,WR
Tiquan Underwood,WR
Dan Gronkowski,TE
Sam Bradford,QB
C.J. Spiller,RB
Ryan Mathews,RB
Jermaine Gresham,TE
Demaryius Thomas,WR
Dez Bryant,WR
Tim Tebow,QB
Jahvid Best,RB
Dexter McCluster,WR
Arrelious Benn,WR
Rob Gronkowski,TE
Jimmy Clausen,QB
Toby Gerhart,RB
Ben Tate,RB
Montario Hardesty,RB
Golden Tate,WR
Ed Dickson,TE
Damian Williams,WR
Brandon LaFell,WR
Emmanuel Sanders,WR
Jordan Shipley,WR
Colt McCoy,QB
Eric Decker,WR
Andre Roberts,WR
Armanti Edwards,WR
Taylor Price,WR
Tony Moeaki,TE
Jimmy Graham,TE
Mardy Gilyard,WR
Marcus Easley,WR
Jacoby Ford,WR
Joe McKnight,RB
Aaron Hernandez,TE
Dennis Pitta,TE
Garrett Graham,TE
Mike Kafka,QB
Clay Harbor,TE
Michael Hoomanawanui,TE
John Conner,RB
Andrew Quarless,TE
John Skelton,QB
David Reed,WR
Riley Cooper,WR
Brody Eldridge,TE
Kerry Meier,WR
Jonathan Crompton,QB
Fendi Onobun,TE
Anthony Dixon,RB
Dennis Morris,RB
Rusty Smith,QB
Carlton Mitchell,WR
Deji Karim,RB
Dan LeFevour,QB
Nate Byham,TE
Anthony McCoy,TE
Jonathan Dwyer,RB
Dezmon Briscoe,WR
James Starks,RB
Antonio Brown,WR
Trindon Holliday,WR
David Gettis,WR
Joe Webb,WR
Charles Scott,RB
Tony Pike,QB
Levi Brown,QB
Mickey Shuler,TE
Terrence Austin,WR
Marc Mariani,WR
Dorin Dickerson,WR
Jim Dray,TE
Dedrick Epps,TE
Ryan D'Imperio,RB
Sean Canfield,QB
Jameson Konz,TE
Zac Robinson,QB
Tim Toone,WR
Cam Newton,QB
A.J. Green,WR
Julio Jones,WR
Jake Locker,QB
Blaine Gabbert,QB
Christian Ponder,QB
Jonathan Baldwin,WR
Mark Ingram,RB
Andy Dalton,QB
Colin Kaepernick,QB
Ryan Williams,RB
Kyle Rudolph,TE
Titus Young,WR
Lance Kendricks,TE
Shane Vereen,RB
Mikel Leshoure,RB
Torrey Smith,WR
Greg Little,WR
Daniel Thomas,RB
Randall Cobb,WR
Rob Housler,TE
DeMarco Murray,RB
Stevan Ridley,RB
Ryan Mallett,QB
Austin Pettis,WR
Leonard Hankerson,WR
Vincent Brown,WR
Jerrel Jernigan,WR
Alex Green,RB
Jordan Cameron,TE
Luke Stocker,TE
Roy Helu,RB
Kris Durham,WR
Clyde Gates,WR
Greg Salas,WR
Cecil Shorts,WR
Kendall Hunter,RB
Delone Carter,RB
Tandon Doss,WR
Owen Marecic,RB
Taiwan Jones,RB
Bilal Powell,RB
Julius Thomas,TE
Jamie Harper,RB
Kealoha Pilares,WR
Johnny White,RB
Ricky Stanzi,QB
Anthony Sherman,RB
D.J. Williams,TE
Jacquizz Rodgers,RB
Denarius Moore,WR
Dion Lewis,RB
T.J. Yates,QB
Jeremy Kerley,WR
Niles Paul,WR
Lee Smith,TE
Nathan Enderle,QB
Ryan Whalen,WR
Charles Clay,TE
Dwayne Harris,WR
Evan Royster,RB
Aldrick Robinson,WR
Tyrod Taylor,QB
Richard Gordon,TE
Ronald Johnson,WR
Jordan Todman,RB
Allen Bradford,RB
Virgil Green,TE
Greg McElroy,QB
Ryan Taylor,TE
Shaun Chapas,RB
Da'Rel Scott,RB
Shane Bannon,RB
Anthony Allen,RB
Scotty McKnight,WR
Baron Batch,RB
Stephen Burton,WR
Daniel Hardy,TE
Stanley Havili,RB
David Ausberry,WR
Jay Finley,RB
DeMarco Sampson,WR
Andrew Luck,QB
Robert Griffin III,QB
Trent Richardson,RB
Justin Blackmon,WR
Ryan Tannehill,QB
Michael Floyd,WR
Kendall Wright,WR
Brandon Weeden,QB
A.J. Jenkins,WR
Doug Martin,RB
David Wilson,RB
Brian Quick,WR
Coby Fleener,TE
Stephen Hill,WR
Alshon Jeffery,WR
Isaiah Pead,RB
Ryan Broyles,WR
Brock Osweiler,QB
LaMichael James,RB
Rueben Randle,WR
Dwayne Allen,TE
Ronnie Hillman,RB
DeVier Posey,WR
T.J. Graham,WR
Russell Wilson,QB
Michael Egnew,TE
Mohamed Sanu,WR
Bernard Pierce,RB
Nick Foles,QB
T.Y. Hilton,WR
Chris Givens,WR
Lamar Miller,RB
Travis Benjamin,WR
Kirk Cousins,QB
Joe Adams,WR
Robert Turbin,RB
Devon Wylie,WR
Ladarius Green,TE
Evan Rodriguez,TE
Orson Charles,TE
Jarius Wright,WR
Keshawn Martin,WR
Nick Toon,WR
Adrien Robinson,TE
Rhett Ellison,RB
Greg Childs,WR
Taylor Thompson,TE
Danny Coale,WR
Bradie Ewing,RB
Chris Rainey,RB
Marvin Jones,WR
Juron Criner,WR
Vick Ballard,RB
Alfred Morris,RB
Cyrus Gray,RB
B.J. Cunningham,WR
Ryan Lindley,QB
James Hanna,TE
Dan Herron,RB
Marvin McNutt,WR
Tommy Streeter,WR
Terrance Ganaway,RB
LaVon Brazill,WR
Michael Smith,RB
Rishard Matthews,WR
Bryce Brown,RB
Toney Clemons,WR
Drake Dunsmore,TE
Jeremy Ebert,WR
Junior Hemingway,WR
David Paulson,TE
B.J. Coleman,QB
Jordan White,WR
Brad Smelley,TE
Edwin Baker,RB
Daryl Richardson,RB
Chandler Harnish,QB
Tavon Austin,WR
EJ Manuel,QB
Tyler Eifert,TE
DeAndre Hopkins,WR
Cordarrelle Patterson,WR
Justin Hunter,WR
Zach Ertz,TE
Giovani Bernard,RB
Geno Smith,QB
Robert Woods,WR
Gavin Escobar,TE
Le'Veon Bell,RB
Vance McDonald,TE
Montee Ball,RB
Aaron Dobson,WR
Eddie Lacy,RB
Christine Michael,RB
Travis Kelce,TE
Mike Glennon,QB
Terrance Williams,WR
Keenan Allen,WR
Marquise Goodwin,WR
Markus Wheaton,WR
Jordan Reed,TE
Stedman Bailey,WR
Knile Davis,RB
Matt Barkley,QB
Ace Sanders,WR
Josh Boyce,WR
Dion Sims,TE
Ryan Nassib,QB
Tyler Wilson,QB
Landry Jones,QB
Chris Harper,WR
Johnathan Franklin,RB
Quinton Patton,WR
Kyle Juszczyk,RB
Marcus Lattimore,RB
Levine Toilolo,TE
Denard Robinson,WR
Stepfan Taylor,RB
Kenny Stills,WR
Joseph Randle,RB
Chris Thompson,RB
Luke Willson,TE
Zac Stacy,RB
Tavarres King,WR
Mike Gillislee,RB
Corey Fuller,WR
Nick Kasa,TE
Ryan Swope,WR
Latavius Murray,RB
Kenjon Barner,RB
Mychal Rivera,TE
Justin Brown,WR
Andre Ellington,RB
Mike James,RB
Rex Burkhead,RB
Spencer Ware,RB
Alan Bonner,WR
Cobi Hamilton,WR
Theo Riddick,RB
Ryan Griffin,TE
Braden Wilson,RB
Brice Butler,WR
Michael Williams,TE
Tommy Bohanon,RB
Charles Johnson,WR
D.C. Jefferson,TE
Brad Sorensen,QB
Chris Gragg,TE
Kevin Dorsey,WR
Jawan Jamison,RB
Kerwynn Williams,RB
Zac Dysert,QB
Marquess Wilson,WR
B.J. Daniels,QB
Aaron Mellette,WR
Sean Renfree,QB
Michael Cox,RB
Justice Cunningham,TE
Blake Bortles,QB
Sammy Watkins,WR
Mike Evans,WR
Eric Ebron,TE
Odell Beckham Jr.,WR
Brandin Cooks,WR
Johnny Manziel,QB
Kelvin Benjamin,WR
Teddy Bridgewater,QB
Derek Carr,QB
Austin Seferian-Jenkins,TE
Marqise Lee,WR
Jordan Matthews,WR
Paul Richardson,WR
Jace Amaro,TE
Troy Niklas,TE
Davante Adams,WR
Bishop Sankey,RB
Jeremy Hill,RB
Cody Latimer,WR
Carlos Hyde,RB
Allen Robinson,WR
Jimmy Garoppolo,QB
Jarvis Landry,WR
C.J. Fiedorowicz,TE
Charles Sims,RB
Tre Mason,RB
Josh Huff,WR
Donte Moncrief,WR
John Brown,WR
Terrance West,RB
Jerick McKinnon,RB
Dri Archer,WR
Richard Rodgers,TE
Crockett Gillmore,TE
Devonta Freeman,RB
Jalen Saunders,WR
Bruce Ellington,WR
Andre Williams,RB
Shaquelle Evans,WR
Ka'Deem Carey,RB
Martavis Bryant,WR
Logan Thomas,QB
Kevin Norwood,WR
De'Anthony Thomas,RB
James White,RB
Tom Savage,QB
Lorenzo Taliaferro,RB
Ryan Grant,WR
Devin Street,WR
Arthur Lynch,TE
Aaron Murray,QB
A.J. McCarron,QB
Jared Abbrederis,WR
Zach Mettenberger,QB
Alfred Blue,RB
David Fales,QB
Robert Herron,WR
Lache Seastrunk,RB
T.J. Jones,WR
Matt Hazel,WR
Keith Wenning,QB
Walt Powell,WR
Marion Grice,RB
Tyler Gaffney,RB
Quincy Enunwa,WR
Jay Prosch,RB
Tajh Boyd,QB
Garrett Gilbert,QB
Ted Bolser,TE
Michael Campanaro,WR
Storm Johnson,RB
Kiero Small,RB
Rob Blanchflower,TE
Jeff Janis,WR
James Wright,WR
Tevin Reese,WR
Jeremy Gallon,WR
Trey Millard,RB
T.J. Yeldon,RB
Jalston Fowler,RB
C.J. Uzomah,TE
Michael Burton,RB
Nick Boyle,TE
A.J. Derby,TE
Aaron Ripkowski,RB
Neal Sterling,WR
Andre Debose,WR
Joey Iosefa,RB
Dezmin Lewis,WR
Tre McBride,WR
Rory Anderson,TE
C.J. Prosise,RB
Seth Devalve,TE
Andy Janovich,RB
Temarrick Hemingway,TE
Moritz Boehringer,WR
Keenan Reynolds,RB
Danny Vitale,RB
Derek Watt,RB
Rico Gathers,TE
Beau Sandland,TE
Chad Williams,WR
Tarik Cohen,RB
DeAngelo Yancey,WR
Trent Taylor,WR
Alex Armah,RB
Sam Rogers,RB
Brandon Wilson,RB
David Moore,WR
Marquez Williams,RB
Matthew Dayes,RB
Ronald Jones II,RB
DJ Chark,WR
Kyle Lauletta,QB
Daurice Fountain,WR
Jaylen Samuels,TE
Damion Ratley,WR
Tremon Smith,WR
Trenton Cannon,RB
Cedrick Wilson Jr.,WR
Nick Bawden,RB
Gary Jennings Jr,WR
Easton Stick,QB
Gardner Minshew II,QB
Marcus Green,WR
Cullen Gillaspia,RB
AlizÃ© Mack,TE
Chandler Cox,RB
AJ Dillon,RB
Gabriel Davis,WR
Ben DiNucci,QB
Tommy Stevens,QB
Malcolm Perry,RB
Jacob Harris,WR
Luke Farrell,TE
Ben Mason,RB
Larry Rountree,RB
John Metchie,WR
Pierre Strong,RB
Teagan Quitoriano,TE
Michael Woods II,WR
Connor Heyward,TE
John FitzPatrick,TE
Dareke Young,WR
Chris Oladokun,QB
Zander Horvath,RB
C.J. Stroud,QB
Chris Rodriguez,RB
Colton Dowell,WR
Lew Nichols,RB
J.J. McCarthy,QB
Brian Thomas,WR
Tyrone Tracy Jr.,RB
Tejhaun Palmer,WR
Dylan Laube,RB
Ryan Flournoy,WR
Luther Burden,WR
Harold Fannin,TE
Dont'e Thornton,WR
Ollie Gordon,RB
Jimmy Horn,WR
Tommy Mellott,QB
Caleb Lohner,TE
Junior Bergen,WR
